{"cameraMode":{"drawMode":0,"name":"Shaded","section":"Shading Mode"},"sceneLighting":true,"audioPlay":false,"sceneViewState":{"m_AlwaysRefresh":false,"showFog":true,"showSkybox":true,"showFlares":true,"showImageEffects":true,"showParticleSystems":true,"showVisualEffectGraphs":true,"m_FxEnabled":true},"in2DMode":false,"pivot":{"x":-0.4240991473197937,"y":0.7157559394836426,"z":-0.0563507080078125},"rotation":{"x":-0.007229695096611977,"y":0.9839909076690674,"z":-0.1732775866985321,"w":-0.041055187582969668},"size":3.508394956588745,"orthographic":false}